epoch,step,train_loss_epoch
0,4,281.9964294433594
1,9,226.03677368164062
2,14,153.58657836914062
3,19,143.71810913085938
4,24,140.92178344726562
